X,Y,OBJECTID_1,NOMBRE_ENT,CATEGORIA,DEPARTAMEN,COD_DEPART,COD_MUNICI,AREA_KM,Shape_Leng,CODIGO,LISTADO_AR,AREA_DIGIT,diss,Shape_Le_1,Shape_Area
815846.87738596,997469.08220075,314,MONTENEGRO,M,QUINDÍO,63,470,149.67990471,0.67940584,63470,141,150,a,75299.410768,149679904.669
808461.66709847,1002293.26010048,329,QUIMBAYA,M,QUINDÍO,63,594,133.29430354,0.61655662,63594,123,133,a,68336.5118087,133294303.689
798253.258909082,1002036.83345095,330,OBANDO,M,VALLE DEL CAUCA,76,497,214.85752619,0.700574,76497,213,215,a,77675.3104797,214857526.177
820848.028805266,1001042.91060065,331,CIRCASIA,M,QUINDÍO,63,190,91.48098284,0.50936055,63190,87,91,a,56446.9352381,91480982.782
810208.713115045,1010061.6201999,342,ALCALÁ,M,VALLE DEL CAUCA,76,020,63.23537766,0.43929521,76020,64,63,a,48705.88544,63235377.7152
822161.490771002,1008126.91535018,343,FILANDIA,M,QUINDÍO,63,272,104.93997236,0.57072151,63272,101,105,a,63247.8759906,104939972.18
810959.72333128,1012556.61525059,347,ULLOA,M,VALLE DEL CAUCA,76,845,42.30412126,0.42097927,76845,43,42,a,46669.8650944,42304121.3676
799184.899296788,1011223.50050074,359,CARTAGO,M,VALLE DEL CAUCA,76,147,248.21859002,0.87412961,76147,260,248,a,96874.2574861,248218590.084
811716.178899622,1016606.50445023,376,PEREIRA,M,RISARALDA,66,001,606.85173248,1.88336591,66001,702,607,a,208729.017615,606851732.746
